Sample,map_host,ForwardReads,ReverseReads,Lane,Barcode sequence,PF Clusters,% of the,% Perfect,% One mismatch,Yield (Mbases),% PF,% >= Q30,Mean Quality
ZIM089,FALSE,/pl/active/LozuponeLab/Zimbabwe_shotgun/ZIM089_S91_L001_R1_001.fastq.gz,/pl/active/LozuponeLab/Zimbabwe_shotgun/ZIM089_S91_L001_R2_001.fastq.gz,1,GCCAGAAT+CGCTAGTA,"39,393,155",1.6,92.89,7.11,"11,897",100,88.39,34.94
ZIM091,FALSE,/pl/active/LozuponeLab/Zimbabwe_shotgun/ZIM091_S92_L001_R1_001.fastq.gz,/pl/active/LozuponeLab/Zimbabwe_shotgun/ZIM091_S92_L001_R2_001.fastq.gz,1,AATGACGC+ATGGTCCA,"37,450,473",1.52,69.15,30.85,"11,310",100,88.68,35
ZIM094,FALSE,/pl/active/LozuponeLab/Zimbabwe_shotgun/ZIM094_S93_L001_R1_001.fastq.gz,/pl/active/LozuponeLab/Zimbabwe_shotgun/ZIM094_S93_L001_R2_001.fastq.gz,1,GTACCACA+ATATGCGC,"27,071,142",1.1,70.42,29.58,"8,175",100,88.39,34.93
ZIM100,FALSE,/pl/active/LozuponeLab/Zimbabwe_shotgun/ZIM100_S94_L001_R1_001.fastq.gz,/pl/active/LozuponeLab/Zimbabwe_shotgun/ZIM100_S94_L001_R2_001.fastq.gz,1,ACGATCAG+GTTGCGAT,"36,346,884",1.48,91.26,8.74,"10,977",100,88.75,35.01
ZIM103,FALSE,/pl/active/LozuponeLab/Zimbabwe_shotgun/ZIM103_S95_L001_R1_001.fastq.gz,/pl/active/LozuponeLab/Zimbabwe_shotgun/ZIM103_S95_L001_R2_001.fastq.gz,1,TAACGTCG+AAGGCTGA,"32,166,335",1.31,81.04,18.96,"9,714",100,88.66,34.99
ZIM105,FALSE,/pl/active/LozuponeLab/Zimbabwe_shotgun/ZIM105_S96_L001_R1_001.fastq.gz,/pl/active/LozuponeLab/Zimbabwe_shotgun/ZIM105_S96_L001_R2_001.fastq.gz,1,CGCAACTA+CGTCAATG,"29,221,949",1.19,93.35,6.65,"8,825",100,88.17,34.9
ZIM106,FALSE,/pl/active/LozuponeLab/Zimbabwe_shotgun/ZIM106_S97_L001_R1_001.fastq.gz,/pl/active/LozuponeLab/Zimbabwe_shotgun/ZIM106_S97_L001_R2_001.fastq.gz,1,AACACTGG+ATGCCTGT,"35,204,030",1.43,78.47,21.53,"10,632",100,88.65,34.99
ZIM110,FALSE,/pl/active/LozuponeLab/Zimbabwe_shotgun/ZIM110_S98_L001_R1_001.fastq.gz,/pl/active/LozuponeLab/Zimbabwe_shotgun/ZIM110_S98_L001_R2_001.fastq.gz,1,CCTGTCAA+ACAGACCT,"33,513,108",1.36,81.08,18.92,"10,121",100,88.49,34.96
ZIM111,FALSE,/pl/active/LozuponeLab/Zimbabwe_shotgun/ZIM111_S99_L001_R1_001.fastq.gz,/pl/active/LozuponeLab/Zimbabwe_shotgun/ZIM111_S99_L001_R2_001.fastq.gz,1,TCCTGGTA+AGGATCTG,"31,677,156",1.29,83.22,16.78,"9,567",100,88.7,35
ZIM113,FALSE,/pl/active/LozuponeLab/Zimbabwe_shotgun/ZIM113_S100_L001_R1_001.fastq.gz,/pl/active/LozuponeLab/Zimbabwe_shotgun/ZIM113_S100_L001_R2_001.fastq.gz,1,CATCAACC+TTCAGGAG,"43,653,220",1.77,84.66,15.34,"13,183",100,88.59,34.97
ZIM116,FALSE,/pl/active/LozuponeLab/Zimbabwe_shotgun/ZIM116_S101_L001_R1_001.fastq.gz,/pl/active/LozuponeLab/Zimbabwe_shotgun/ZIM116_S101_L001_R2_001.fastq.gz,1,AGCAGACA+CATCCTCT,"43,629,270",1.77,93.26,6.74,"13,176",100,88.45,34.95
ZIM117,FALSE,/pl/active/LozuponeLab/Zimbabwe_shotgun/ZIM117_S102_L001_R1_001.fastq.gz,/pl/active/LozuponeLab/Zimbabwe_shotgun/ZIM117_S102_L001_R2_001.fastq.gz,1,GAAGACTG+TCATGGTG,"30,216,397",1.23,85.69,14.31,"9,125",100,88.85,35.03
ZIM126,FALSE,/pl/active/LozuponeLab/Zimbabwe_shotgun/ZIM126_S103_L001_R1_001.fastq.gz,/pl/active/LozuponeLab/Zimbabwe_shotgun/ZIM126_S103_L001_R2_001.fastq.gz,1,TCTAGTCC+GATTACCG,"33,844,966",1.37,89.69,10.31,"10,221",100,88.53,34.97
ZIM127,FALSE,/pl/active/LozuponeLab/Zimbabwe_shotgun/ZIM127_S104_L001_R1_001.fastq.gz,/pl/active/LozuponeLab/Zimbabwe_shotgun/ZIM127_S104_L001_R2_001.fastq.gz,1,CTCGACTT+ACACACTC,"30,535,446",1.24,81.23,18.77,"9,222",100,88.42,34.95
ZIM129,FALSE,/pl/active/LozuponeLab/Zimbabwe_shotgun/ZIM129_S105_L001_R1_001.fastq.gz,/pl/active/LozuponeLab/Zimbabwe_shotgun/ZIM129_S105_L001_R2_001.fastq.gz,1,CTAGCTCA+CCTCAGTT,"35,480,867",1.44,90.08,9.92,"10,715",100,88.55,34.97
ZIM130,FALSE,/pl/active/LozuponeLab/Zimbabwe_shotgun/ZIM130_S106_L001_R1_001.fastq.gz,/pl/active/LozuponeLab/Zimbabwe_shotgun/ZIM130_S106_L001_R2_001.fastq.gz,1,TCCAACTG+CTGACACA,"33,967,363",1.38,93.07,6.93,"10,258",100,87.8,34.81
ZIM132,FALSE,/pl/active/LozuponeLab/Zimbabwe_shotgun/ZIM132_S107_L001_R1_001.fastq.gz,/pl/active/LozuponeLab/Zimbabwe_shotgun/ZIM132_S107_L001_R2_001.fastq.gz,1,GACATCTC+GTGTGACA,"38,273,855",1.55,90.47,9.53,"11,559",100,88.54,34.97
ZIM138,FALSE,/pl/active/LozuponeLab/Zimbabwe_shotgun/ZIM138_S108_L001_R1_001.fastq.gz,/pl/active/LozuponeLab/Zimbabwe_shotgun/ZIM138_S108_L001_R2_001.fastq.gz,1,ACTGCACT+GACGATCT,"44,738,873",1.82,94.56,5.44,"13,511",100,88.45,34.95
ZIM139,FALSE,/pl/active/LozuponeLab/Zimbabwe_shotgun/ZIM139_S109_L001_R1_001.fastq.gz,/pl/active/LozuponeLab/Zimbabwe_shotgun/ZIM139_S109_L001_R2_001.fastq.gz,1,GTTCCATG+TCGCATTG,"34,406,191",1.4,87.39,12.61,"10,391",100,88.75,35.01
ZIM146,FALSE,/pl/active/LozuponeLab/Zimbabwe_shotgun/ZIM146_S110_L001_R1_001.fastq.gz,/pl/active/LozuponeLab/Zimbabwe_shotgun/ZIM146_S110_L001_R2_001.fastq.gz,1,ACCAAGCA+AGCAAGCA,"37,392,924",1.52,82.61,17.39,"11,293",100,88.02,34.84